Post_ID,Cluster_SBERT_k8,Modality_Type,Social_Media_Type
7d7e2eb01692,6,Text-only,Twitter
52f03d68f951,5,Text+Image,Twitter
13539713b96c,7,Text-only,Twitter
915a7090f4c8,5,Text-only,Twitter
b58a61ee10c1,2,Text-only,Twitter
7d95444d215c,3,Text+Image,Reddit
a98c57259567,4,Text-only,Twitter
097838dc01e9,1,Text+Image,Twitter
dbc6c988f169,4,Text+Image,Twitter
fa32b1676235,0,Text+Image,Reddit
61b62627ff35,1,Text+Image,Reddit
1fa1dea04b7d,5,Text+Image,Reddit
e031bc7ff4dc,1,Text-only,Twitter
482de5a23686,4,Text+Image,Reddit
5274111f99d5,3,Text-only,Reddit
a73ef97fd06c,7,Text+Image,Reddit
e0594e998ed4,0,Text+Image,Reddit
774e6fe42d63,0,Text-only,Twitter
a11fe3e41d27,1,Text+Image,Twitter
da4700636412,1,Text+Image,Twitter
c6875938eae2,7,Text+Image,Twitter
083636d16aa5,1,Text+Image,Reddit
973425e68bae,6,Text+Image,Twitter
73f316d1b08c,3,Text-only,Reddit
c300cd81c988,6,Text-only,Twitter
90284277d845,2,Text+Image,Reddit
40adea905911,3,Text-only,Twitter
eb7a4bb148a4,4,Text-only,Twitter
92ca0ce3dce2,6,Text+Image,Reddit
1e155dcc848e,2,Text+Image,Reddit
d3541f73a684,7,Text-only,Twitter
40872e111b18,5,Text+Image,Reddit
e90da7c2ba0d,7,Text-only,Twitter
21f642d9e69e,5,Text-only,Twitter
b791de45cc9a,2,Text-only,Twitter
60a318de430c,3,Text-only,Twitter
c72a6492a7fa,4,Text+Image,Twitter
125691d73d6f,0,Text+Image,Reddit
59db3292719b,1,Text+Image,Reddit
eafcea39c218,5,Text+Image,Reddit
14155ac141fa,1,Text-only,Twitter
2351bef9b3be,4,Text+Image,Reddit
a4a893f43cbe,3,Text-only,Reddit
80cd6899bffc,7,Text+Image,Reddit
0519f561c31b,0,Text+Image,Reddit
ec128d6700cd,0,Text-only,Twitter
265fe1eae239,1,Text+Image,Twitter
e404aaa3be32,7,Text+Image,Reddit
3d72a86def70,1,Text+Image,Reddit
f51984a3f97f,6,Text+Image,Reddit
2eea1bc94460,3,Text-only,Reddit
cad979461288,6,Text-only,Twitter
e3d4cba00c73,2,Text+Image,Reddit
bf4ff7102f5b,3,Text-only,Reddit
268f75303130,4,Text-only,Twitter
5c17331f888c,6,Text+Image,Reddit
a766014e290c,2,Text+Image,Reddit
